"","Title","Authors","Source Title","Publication Year","Total Citations"
"1","Thermal desorption comprehensive two-dimensional gas chromatography for in-situ measurements of organic aerosols","Goldstein;Williams;Williams","JOURNAL OF CHROMATOGRAPHY A",2008,NA
"2","Total observed organic carbon (TOOC) in the atmosphere: a synthesis of North American observations","Goldstein;de Gouw;Wennberg","ATMOSPHERIC CHEMISTRY AND PHYSICS",2008,7
"3","New constraints on terrestrial and oceanic sources of atmospheric methanol","Goldstein;Williams;Williams;de Gouw","ATMOSPHERIC CHEMISTRY AND PHYSICS",2008,23
"4","In-situ ambient quantification of monoterpenes, sesquiterpenes, and related oxygenated compounds during BEARPEX 2007: implications for gas- and particle-phase chemistry","Goldstein;de Gouw","ATMOSPHERIC CHEMISTRY AND PHYSICS",2009,15
"5","Methyl chavicol: characterization of its biogenic emission rate, abundance, and oxidation products in the atmosphere","Goldstein;de Gouw","ATMOSPHERIC CHEMISTRY AND PHYSICS",2009,6
"6","Observations of NOx, $Aigma$PNs, $Aigma$ANs, and HNO3 at a Rural Site in the California Sierra Nevada Mountains: summertime diurnal cycles","Goldstein;Farmer","ATMOSPHERIC CHEMISTRY AND PHYSICS",2009,14
"7","Quantification of Hourly Speciated Organic Compounds in Atmospheric Aerosols, Measured by an In-Situ Thermal Desorption Aerosol Gas Chromatograph (TAG)","Goldstein;Williams;Williams","AEROSOL SCIENCE AND TECHNOLOGY",2009,1
"8","Closing the peroxy acetyl nitrate budget: observations of acyl peroxy nitrates (PAN, PPN, and MPAN) during BEARPEX 2007","Goldstein;de Gouw","ATMOSPHERIC CHEMISTRY AND PHYSICS",2009,19
"9","A PRELIMINARY SYNTHESIS OF MODELED CLIMATE CHANGE IMPACTS ON US REGIONAL OZONE CONCENTRATIONS","Goldstein;Williams;Williams;Adams","BULLETIN OF THE AMERICAN METEOROLOGICAL SOCIETY",2009,12
"10","SOURCES AND PROPERTIES OF AMAZONIAN AEROSOL PARTICLES","Goldstein;Prather","REVIEWS OF GEOPHYSICS",2010,NA
"11","Observational constraints on the global atmospheric budget of ethanol","Goldstein;de Gouw","ATMOSPHERIC CHEMISTRY AND PHYSICS",2010,12
"12","Measurement of atmospheric nitrous acid at Blodgett Forest during BEARPEX2007","Goldstein;Wennberg","ATMOSPHERIC CHEMISTRY AND PHYSICS",2010,13
"13","Major components of atmospheric organic aerosol in southern California as determined by hourly measurements of source marker compounds","Goldstein;Williams;Williams","ATMOSPHERIC CHEMISTRY AND PHYSICS",2010,23
"14","In situ measurements of gas/particle-phase transitions for atmospheric semivolatile organic compounds","Goldstein;Williams;Williams","PROCEEDINGS OF THE NATIONAL ACADEMY OF SCIENCES OF THE UNITED STATES OF AMERICA",2010,15
"15","Climate control of terrestrial carbon exchange across biomes and continents","Goldstein;Williams;Williams","ENVIRONMENTAL RESEARCH LETTERS",2010,3
"16","The 2005 Study of Organic Aerosols at Riverside (SOAR-1): instrumental intercomparisons and fine particle composition","Goldstein;Williams;Williams;Ziemann","ATMOSPHERIC CHEMISTRY AND PHYSICS",2011,23
"17","Photochemical modeling of glyoxal at a rural site: observations and analysis from BEARPEX 2007","Goldstein;Farmer;de Gouw","ATMOSPHERIC CHEMISTRY AND PHYSICS",2011,17
"18","Development of a new consumable-free thermal modulator for comprehensive two-dimensional gas chromatography","Goldstein;Williams;Williams","JOURNAL OF CHROMATOGRAPHY A",2011,20
"19","The Chemistry of Atmosphere-Forest Exchange (CAFE) Model - Part 2: Application to BEARPEX-2007 observations","Goldstein;de Gouw","ATMOSPHERIC CHEMISTRY AND PHYSICS",2011,3
"20","Origins and composition of fine atmospheric carbonaceous aerosol in the Sierra Nevada Mountains, California","Goldstein;Williams;Farmer;Williams;de Gouw","ATMOSPHERIC CHEMISTRY AND PHYSICS",2011,19
"21","Formation and growth of ultrafine particles from secondary sources in Bakersfield, California","Goldstein;VandenBoer","JOURNAL OF GEOPHYSICAL RESEARCH-ATMOSPHERES",2012,NA
"22","Increasing atmospheric burden of ethanol in the United States","Goldstein;de Gouw","GEOPHYSICAL RESEARCH LETTERS",2012,NA
"23","Organic Constituents on the Surfaces of Aerosol Particles from Southern Finland, Amazonia, and California Studied by Vibrational Sum Frequency Generation","Goldstein;Williams;Geiger;Williams","JOURNAL OF PHYSICAL CHEMISTRY A",2012,32
"24","Improved Resolution of Hydrocarbon Structures and Constitutional Isomers in Complex Mixtures Using Gas Chromatography-Vacuum Ultraviolet-Mass Spectrometry","Goldstein;Kroll","ANALYTICAL CHEMISTRY",2012,5
"25","Insights into hydroxyl measurements and atmospheric oxidation in a California forest","Goldstein;Wennberg","ATMOSPHERIC CHEMISTRY AND PHYSICS",2012,17
"26","Reduction in carbon uptake during turn of the century drought in western North America","Goldstein;Williams;Williams","NATURE GEOSCIENCE",2012,8
"27","Tropospheric methanol observations from space: retrieval evaluation and constraints on the seasonality of biogenic emissions","Goldstein;de Gouw","ATMOSPHERIC CHEMISTRY AND PHYSICS",2012,13
"28","Organosulfates as Tracers for Secondary Organic Aerosol (SOA) Formation from 2-Methyl-3-Buten-2-ol (MBO) in the Atmosphere","Goldstein;de Gouw","ENVIRONMENTAL SCIENCE & TECHNOLOGY",2012,17
"29","Organic aerosol composition and sources in Pasadena, California, during the 2010 CalNex campaign","Goldstein;Stevens","JOURNAL OF GEOPHYSICAL RESEARCH-ATMOSPHERES",2013,16
"30","Molecular characterization of organic aerosol using nanospray desorption/electrospray ionization mass spectrometry: CalNex 2010 field study","Goldstein;O'Brien","ATMOSPHERIC ENVIRONMENT",2013,NA
"31","Probing molecular associations of field-collected and laboratory-generated SOA with nano-DESI high-resolution mass spectrometry","Goldstein;O'Brien","JOURNAL OF GEOPHYSICAL RESEARCH-ATMOSPHERES",2013,2
"32","Quantifying sources of methane using light alkanes in the Los Angeles basin, California","Goldstein;de Gouw","JOURNAL OF GEOPHYSICAL RESEARCH-ATMOSPHERES",2013,10
"33","The 2010 California Research at the Nexus of Air Quality and Climate Change (CalNex) field study","Goldstein;Williams;Williams;de Gouw;Prather","JOURNAL OF GEOPHYSICAL RESEARCH-ATMOSPHERES",2013,11
"34","Photochemical aging of volatile organic compounds in the Los Angeles basin: Weekday-weekend effect","Goldstein;de Gouw","JOURNAL OF GEOPHYSICAL RESEARCH-ATMOSPHERES",2013,10
"35","Observational Insights into Aerosol Formation from Isoprene","Goldstein;Farmer;de Gouw;Wennberg","ENVIRONMENTAL SCIENCE & TECHNOLOGY",2013,20
"36","Insights into Secondary Organic Aerosol Formation Mechanisms from Measured Gas/Particle Partitioning of Specific Organic Tracer Compounds","Goldstein;VandenBoer","ENVIRONMENTAL SCIENCE & TECHNOLOGY",2013,8
"37","Emissions of organic carbon and methane from petroleum and dairy operations in California's San Joaquin Valley","Goldstein;de Gouw;Wennberg;VandenBoer","ATMOSPHERIC CHEMISTRY AND PHYSICS",2014,10
"38","Molecular characterization of S- and N-containing organic constituents in ambient aerosols by negative ion mode high-resolution Nanospray Desorption Electrospray Ionization Mass Spectrometry: CalNex 2010 field study","Goldstein;O'Brien","JOURNAL OF GEOPHYSICAL RESEARCH-ATMOSPHERES",2014,22
"39","On the temperature dependence of organic reactivity, nitrogen oxides, ozone production, and the impact of emission controls in San Joaquin Valley, California","Goldstein;Wennberg;VandenBoer","ATMOSPHERIC CHEMISTRY AND PHYSICS",2014,7
"40","The First Combined Thermal Desorption Aerosol Gas Chromatograph-Aerosol Mass Spectrometer (TAG-AMS)","Goldstein;Williams;Williams","AEROSOL SCIENCE AND TECHNOLOGY",2014,4
"41","Atmospheric amines and ammonia measured with a chemical ionization mass spectrometer (CIMS)","Goldstein;de Gouw","ATMOSPHERIC CHEMISTRY AND PHYSICS",2014,22
"42","A Technique for Rapid Gas Chromatography Analysis Applied to Ambient Organic Aerosol Measurements from the Thermal Desorption Aerosol Gas Chromatograph (TAG)","Goldstein;Williams;Williams","AEROSOL SCIENCE AND TECHNOLOGY",2014,11
"43","Organic nitrate aerosol formation via NO3 + biogenic volatile organic compounds in the southeastern United States","Goldstein;de Gouw;Wennberg","ATMOSPHERIC CHEMISTRY AND PHYSICS",2015,23
"44","Gas and aerosol carbon in California: comparison of measurements and model predictions in Pasadena and Bakersfield","Goldstein;de Gouw;Stevens","ATMOSPHERIC CHEMISTRY AND PHYSICS",2015,9
"45","Characterization of a real-time tracer for isoprene epoxydiols-derived secondary organic aerosol (IEPOX-SOA) from aerosol mass spectrometer measurements","Goldstein;de Gouw","ATMOSPHERIC CHEMISTRY AND PHYSICS",2015,20
"46","Atmospheric benzenoid emissions from plants rival those from fossil fuels","Goldstein;Williams;Williams","SCIENTIFIC REPORTS",2015,NA
"47","Indoor chemistry: research opportunities and challenges","Goldstein;Nazaroff","INDOOR AIR",2015,4
"48","An Atmospheric Constraint on the NO2 Dependence of Daytime Near-Surface Nitrous Acid (HONO)","Goldstein;Young;Stevens;VandenBoer","ENVIRONMENTAL SCIENCE & TECHNOLOGY",2015,21
"49","Siloxanes Are the Most Abundant Volatile Organic Compound Emitted from Engineering Students in a Classroom","Goldstein;Nazaroff","ENVIRONMENTAL SCIENCE & TECHNOLOGY LETTERS",2015,11
"50","Quantifying sources and sinks of reactive gases in the lower atmosphere using airborne flux observations","Goldstein;Wennberg","GEOPHYSICAL RESEARCH LETTERS",2015,19
"51","Comprehensive Chemical Characterization of Hydrocarbons in NIST Standard Reference Material 2779 Gulf of Mexico Crude Oil","Goldstein;Isaacman-VanWertz","ENVIRONMENTAL SCIENCE & TECHNOLOGY",2015,22
"52","Observation of isoprene hydroxynitrates in the southeastern United States and implications for the fate of NOx","Goldstein;de Gouw;Wennberg","ATMOSPHERIC CHEMISTRY AND PHYSICS",2015,19
"53","Effects of anthropogenic emissions on aerosol formation from isoprene and monoterpenes in the southeastern United States","Goldstein;Isaacman-VanWertz;de Gouw","PROCEEDINGS OF THE NATIONAL ACADEMY OF SCIENCES OF THE UNITED STATES OF AMERICA",2015,1
"54","Effects of anthropogenic emissions on aerosol formation from isoprene and monoterpenes in the southeastern United States (vol 112, pg 37, 2015)","Goldstein;Isaacman-VanWertz;de Gouw","PROCEEDINGS OF THE NATIONAL ACADEMY OF SCIENCES OF THE UNITED STATES OF AMERICA",2015,32
"55","Fundamental Time Scales Governing Organic Aerosol Multiphase Partitioning and Oxidative Aging","Goldstein;Isaacman-VanWertz","ENVIRONMENTAL SCIENCE & TECHNOLOGY",2015,16
"56","Ozone production chemistry in the presence of urban plumes","Goldstein;Wennberg","FARADAY DISCUSSIONS",2016,NA
"57","Testing Atmospheric Oxidation in an Alabama Forest","Goldstein;Wennberg","JOURNAL OF THE ATMOSPHERIC SCIENCES",2016,12
"58","Organic nitrate chemistry and its implications for nitrogen budgets in an isoprene- and monoterpene-rich atmosphere: constraints from aircraft (SEAC(4)RS) and ground-based (SOAS) observations in the Southeast US","Goldstein;Wennberg","ATMOSPHERIC CHEMISTRY AND PHYSICS",2016,9
"59","Volatility and lifetime against OH heterogeneous reaction of ambient isoprene-epoxydiols-derived secondary organic aerosol (IEPOX-SOA)","Goldstein;de Gouw","ATMOSPHERIC CHEMISTRY AND PHYSICS",2016,18
"60","Ambient Gas-Particle Partitioning of Tracers for Biogenic Oxidation","Goldstein;Isaacman-VanWertz","ENVIRONMENTAL SCIENCE & TECHNOLOGY",2016,18
"61","Speciation of OH reactivity above the canopy of an isoprene-dominated forest","Goldstein;de Gouw;Wennberg","ATMOSPHERIC CHEMISTRY AND PHYSICS",2016,14
"62","Highly functionalized organic nitrates in the southeast United States: Contribution to secondary organic aerosol and reactive nitrogen budgets","Goldstein;de Gouw","PROCEEDINGS OF THE NATIONAL ACADEMY OF SCIENCES OF THE UNITED STATES OF AMERICA",2016,6
"63","Isoprene suppression of new particle formation: Potential mechanisms and implications","Goldstein;de Gouw","JOURNAL OF GEOPHYSICAL RESEARCH-ATMOSPHERES",2016,24
"64","Atmospheric fates of Criegee intermediates in the ozonolysis of isoprene","Goldstein;de Gouw;Wennberg","PHYSICAL CHEMISTRY CHEMICAL PHYSICS",2016,15
"65","The lifetime of nitrogen oxides in an isoprene-dominated forest","Goldstein;de Gouw;Wennberg","ATMOSPHERIC CHEMISTRY AND PHYSICS",2016,12
"66","Volatile Organic Compound Emissions from Humans Indoors","Goldstein;Nazaroff","ENVIRONMENTAL SCIENCE & TECHNOLOGY",2016,23
"67","Spatially resolved flux measurements of NOx from London suggest significantly higher emissions than predicted by inventories","Goldstein;Carslaw","FARADAY DISCUSSIONS",2016,NA
"68","Organic and inorganic decomposition products from the thermal desorption of atmospheric particles","Goldstein;Williams;Williams","ATMOSPHERIC MEASUREMENT TECHNIQUES",2016,4
"69","A technique for rapid source apportionment applied to ambient organic aerosol measurements from a thermal desorption aerosol gas chromatograph (TAG)","Goldstein;Williams;Williams","ATMOSPHERIC MEASUREMENT TECHNIQUES",2016,11
"70","Microbes and associated soluble and volatile chemicals on periodically wet household surfaces","Goldstein;Adams;Nazaroff","MICROBIOME",2017,NA
"71","Influence of urban pollution on the production of organic particulate matter from isoprene epoxydiols in central Amazonia","Goldstein;Isaacman-VanWertz","ATMOSPHERIC CHEMISTRY AND PHYSICS",2017,11
"72","Review of Urban Secondary Organic Aerosol Formation from Gasoline and Diesel Motor Vehicle Emissions","Goldstein;de Gouw","ENVIRONMENTAL SCIENCE & TECHNOLOGY",2017,3
"73","Qualitative and quantitative analysis of atmospheric organosulfates in Centreville, Alabama","Goldstein;de Gouw","ATMOSPHERIC CHEMISTRY AND PHYSICS",2017,2
"74","Comprehensive characterization of atmospheric organic carbon at a forested site","Goldstein;Kroll","NATURE GEOSCIENCE",2017,10
"75","Using advanced mass spectrometry techniques to fully characterize atmospheric organic carbon: current capabilities and remaining gaps","Goldstein;Isaacman-VanWertz;Kroll;O'Brien","FARADAY DISCUSSIONS",2017,NA
"76","Automated single-ion peak fitting as an efficient approach for analyzing complex chromatographic data","Goldstein;Isaacman-VanWertz;de Gouw","JOURNAL OF CHROMATOGRAPHY A",2017,NA
"77","On the implications of aerosol liquid water and phase separation for organic aerosol mass","Goldstein;Isaacman-VanWertz","ATMOSPHERIC CHEMISTRY AND PHYSICS",2017,1
"78","Field intercomparison of the gas/particle partitioning of oxygenated organics during the Southern Oxidant and Aerosol Study (SOAS) in 2013","Goldstein;Isaacman-VanWertz","AEROSOL SCIENCE AND TECHNOLOGY",2017,1
"79","Improved molecular level identification of organic compounds using comprehensive two-dimensional chromatography, dual ionization energies and high resolution mass spectrometry","Goldstein;Isaacman-VanWertz","ANALYST",2017,13
"80","Measurement of NO3 and N2O5 in a Residential Kitchen","Goldstein;Nazaroff","ENVIRONMENTAL SCIENCE & TECHNOLOGY LETTERS",2018,10
"81","SYNTHESIS OF THE SOUTHEAST ATMOSPHERE STUDIES: Investigating Fundamental Atmospheric Chemistry Questions","Goldstein;Turpin;Farmer;de Gouw;Wennberg","BULLETIN OF THE AMERICAN METEOROLOGICAL SOCIETY",2018,3
"82","Urban influence on the concentration and composition of submicron particulate matter in central Amazonia","Goldstein;Isaacman-VanWertz","ATMOSPHERIC CHEMISTRY AND PHYSICS",2018,16
"83","Organosulfates in aerosols downwind of an urban region in central Amazon","Goldstein;Isaacman-VanWertz","ENVIRONMENTAL SCIENCE-PROCESSES & IMPACTS",2018,11
"84","Chemical evolution of atmospheric organic carbon over multiple generations of oxidation","Goldstein;Isaacman-VanWertz;Kroll;O'Brien","NATURE CHEMISTRY",2018,4
"85","Detailed investigation of ventilation rates and airflow patterns in a northern California residence","Goldstein;Nazaroff","INDOOR AIR",2018,4
"86","Volatile chemical products emerging as largest petrochemical source of urban organic emissions","Goldstein;Isaacman-VanWertz;de Gouw","SCIENCE",2018,6377
"87","Emission Factors of Microbial Volatile Organic Compounds from Environmental Bacteria and Fungi","Goldstein;Adams","ENVIRONMENTAL SCIENCE & TECHNOLOGY",2018,15
"88","Secondary organic aerosol formation from ambient air in an oxidation flow reactor in central Amazonia","Goldstein;Isaacman-VanWertz","ATMOSPHERIC CHEMISTRY AND PHYSICS",2018,1
"89","Coupling of organic and inorganic aerosol systems and the effect on gas-particle partitioning in the southeastern US","Goldstein;Isaacman-VanWertz","ATMOSPHERIC CHEMISTRY AND PHYSICS",2018,1
"90","Effects of temperature-dependent NOx emissions on continental ozone production","Goldstein;de Gouw","ATMOSPHERIC CHEMISTRY AND PHYSICS",2018,4
"91","Intercomparison of OH and OH reactivity measurements in a high isoprene and low NO environment during the Southern Oxidant and Aerosol Study (SOAS)","Goldstein;de Gouw;Wennberg","ATMOSPHERIC ENVIRONMENT",2018,NA
"92","Fluorescent biological aerosol particles: Concentrations, emissions, and exposures in a northern California residence","Goldstein;Nazaroff","INDOOR AIR",2018,4
"93","Observations of sesquiterpenes and their oxidation products in central Amazonia during the wet and dry seasons","Goldstein;Geiger;Isaacman-VanWertz","ATMOSPHERIC CHEMISTRY AND PHYSICS",2018,14
"94","Monoterpenes are the largest source of summertime organic aerosol in the southeastern United States","Goldstein;Isaacman-VanWertz;de Gouw","PROCEEDINGS OF THE NATIONAL ACADEMY OF SCIENCES OF THE UNITED STATES OF AMERICA",2018,9
"95","Observations and Contributions of Real-Time Indoor Ammonia Concentrations during HOMEChem","Goldstein;Novoselac;Waring","ENVIRONMENTAL SCIENCE & TECHNOLOGY",2019,15
"96","Heterogeneous Ozonolysis of Squalene: Gas-Phase Products Depend on Water Vapor Concentration","Goldstein;Williams;Williams;Nazaroff","ENVIRONMENTAL SCIENCE & TECHNOLOGY",2019,24
"97","Contributions of biomass-burning, urban, and biogenic emissions to the concentrations and light-absorbing properties of particulate matter in central Amazonia during the dry season","Goldstein;Isaacman-VanWertz","ATMOSPHERIC CHEMISTRY AND PHYSICS",2019,12
"98","Overview of HOMEChem: House Observations of Microbial and Environmental Chemistry","Goldstein;Novoselac;Farmer;Abbatt;Ruiz;Vance;Stevens;O'Brien;Kahan;Grassian;Nazaroff","ENVIRONMENTAL SCIENCE-PROCESSES & IMPACTS",2019,8
"99","Sources and dynamics of semivolatile organic compounds in a single-family residence in northern California","Goldstein;Nazaroff","INDOOR AIR",2019,4
"100","Characterizing sources and emissions of volatile organic compounds in a northern California residence using space- and time-resolved measurements","Goldstein;Nazaroff","INDOOR AIR",2019,4
"101","Characterizing Airborne Phthalate Concentrations and Dynamics in a Normally Occupied Residence","Goldstein;Nazaroff","ENVIRONMENTAL SCIENCE & TECHNOLOGY",2019,13
"102","Increasing Isoprene Epoxydiol-to-Inorganic Sulfate Aerosol Ratio Results in Extensive Conversion of Inorganic Sulfate to Organosulfur Forms: Implications for Aerosol Physicochemical Properties","Goldstein;Ault;Turpin","ENVIRONMENTAL SCIENCE & TECHNOLOGY",2019,15
"103","Urban pollution greatly enhances formation of natural aerosols over the Amazon rainforest","Goldstein;Isaacman-VanWertz;McNeill","NATURE COMMUNICATIONS",2019,NA
"104","Importance of biogenic volatile organic compounds to acyl peroxy nitrates (APN) production in the southeastern US during SOAS 2013","Goldstein;de Gouw","ATMOSPHERIC CHEMISTRY AND PHYSICS",2019,3
"105","Surface Wetness as an Unexpected Control on Forest Exchange of Volatile Organic Acids","Goldstein;Farmer","GEOPHYSICAL RESEARCH LETTERS",2020,15
"106","Contrasting Reactive Organic Carbon Observations in the Southeast United States (SOAS) and Southern California (CalNex)","Goldstein;Young;Isaacman-VanWertz;de Gouw;Stevens","ENVIRONMENTAL SCIENCE & TECHNOLOGY",2020,23
"107","Surface Emissions Modulate Indoor SVOC Concentrations through Volatility-Dependent Partitioning","Goldstein;Vance;Nazaroff","ENVIRONMENTAL SCIENCE & TECHNOLOGY",2020,11
"108","Dark Chemistry during Bleach Cleaning Enhances Oxidation of Organics and Secondary Organic Aerosol Production Indoors","Goldstein;Farmer;Abbatt","ENVIRONMENTAL SCIENCE & TECHNOLOGY LETTERS",2020,11
"109","Multiphase Chemistry Controls Inorganic Chlorinated and Nitrogenated Compounds in Indoor Air during Bleach Cleaning","Goldstein;Farmer;Abbatt;Ruiz;Shiraiwa;Vance;Kahan","ENVIRONMENTAL SCIENCE & TECHNOLOGY",2020,3
"110","The FLUXNET2015 dataset and the ONEFlux processing pipeline for eddy covariance data","Goldstein;Stevens","SCIENTIFIC DATA",2020,1
"111","Indoor Particulate Matter during HOMEChem: Concentrations, Size Distributions, and Exposures","Goldstein;Farmer;Vance;Nazaroff","ENVIRONMENTAL SCIENCE & TECHNOLOGY",2020,12
"112","Surface reservoirs dominate dynamic gas-surface partitioning of many indoor air constituents","Goldstein;Novoselac;Farmer;Abbatt;Vance;Nazaroff","SCIENCE ADVANCES",2020,8
"113","Natural and Anthropogenically Influenced Isoprene Oxidation in Southeastern United States and Central Amazon","Goldstein;Isaacman-VanWertz","ENVIRONMENTAL SCIENCE & TECHNOLOGY",2020,10
"114","Volatile organic compound emissions during HOMEChem","Goldstein;Novoselac;Farmer;Vance;Nazaroff","INDOOR AIR",2021,NA
"115","Real-time organic aerosol chemical speciation in the indoor environment using extractive electrospray ionization mass spectrometry","Goldstein;Farmer;Ruiz;Vance","INDOOR AIR",2021,1
"116","How Do Indoor Environments Affect Air Pollution Exposure?","Goldstein;Williams;Williams;Nazaroff","ENVIRONMENTAL SCIENCE & TECHNOLOGY",2021,1
"117","Quantification of cooking organic aerosol in the indoor environment using aerodyne aerosol mass spectrometers","Goldstein;Farmer;Ruiz;Vance","AEROSOL SCIENCE AND TECHNOLOGY",2021,10
"118","Large Emissions of Low-Volatility Siloxanes during Residential Oven Use","Goldstein;Nazaroff","ENVIRONMENTAL SCIENCE & TECHNOLOGY LETTERS",2021,7
"119","Observing ozone chemistry in an occupied residence","Goldstein;Nazaroff","PROCEEDINGS OF THE NATIONAL ACADEMY OF SCIENCES OF THE UNITED STATES OF AMERICA",2021,6
"120","Intake Fractions for Volatile Organic Compounds in Two Occupied California Residences","Goldstein;Nazaroff","ENVIRONMENTAL SCIENCE & TECHNOLOGY LETTERS",2021,5
"121","High-Resolution Exposure Assessment for Volatile Organic Compounds in Two California Residences","Goldstein;Nazaroff","ENVIRONMENTAL SCIENCE & TECHNOLOGY",2021,10
"122","Indoor emissions of total and fluorescent supermicron particles during HOMEChem","Goldstein;Novoselac;Farmer;Vance;Nazaroff","INDOOR AIR",2021,1
"123","Impact of Emissions from the Los Angeles Port Region on San Diego Air Quality during Regional Transport Events","Ault;Prather","ENVIRONMENTAL SCIENCE & TECHNOLOGY",2009,94
"124","Characterization of the Single Particle Mixing State of Individual Ship Plume Events Measured at the Port of Los Angeles","Ault;Prather","ENVIRONMENTAL SCIENCE & TECHNOLOGY",2010,100
"125","Detection of Asian dust in California orographic precipitation","Ault;Williams;Williams;Prather","JOURNAL OF GEOPHYSICAL RESEARCH-ATMOSPHERES",2011,77
"126","Measurements of Aerosol Chemistry during New Particle Formation Events at a Remote Rural Mountain Site","Ault;Prather","ENVIRONMENTAL SCIENCE & TECHNOLOGY",2011,48
"127","Measurements of Isoprene-Derived Organosulfates in Ambient Aerosols by Aerosol Time-of-Flight Mass Spectrometry - Part 1: Single Particle Atmospheric Observations in Atlanta","Ault;Prather","ENVIRONMENTAL SCIENCE & TECHNOLOGY",2011,93
"128","Measurements of Isoprene-Derived Organosulfates in Ambient Aerosols by Aerosol Time-of-Flight Mass Spectrometry-Part 2: Temporal Variability and Formation Mechanisms","Ault;Prather","ENVIRONMENTAL SCIENCE & TECHNOLOGY",2011,61
"129","Single-Particle SEM-EDX Analysis of Iron-Containing Coarse Particulate Matter in an Urban Environment: Sources and Distribution of Iron within Cleveland, Ohio","Ault;Grassian","ENVIRONMENTAL SCIENCE & TECHNOLOGY",2012,82
"130","Bringing the ocean into the laboratory to probe the chemical complexity of sea spray aerosol","Ault;Geiger;Prather;Grassian","PROCEEDINGS OF THE NATIONAL ACADEMY OF SCIENCES OF THE UNITED STATES OF AMERICA",2013,280
"131","Evaluation of aerosol mixing state classes in the GISS modelE-MATRIX climate model using single-particle mass spectrometry measurements","Ault;Prather","JOURNAL OF GEOPHYSICAL RESEARCH-ATMOSPHERES",2013,34
"132","Impact of marine biogeochemistry on the chemical mixing state and cloud forming ability of nascent sea spray aerosol","Ault;Prather;Grassian","JOURNAL OF GEOPHYSICAL RESEARCH-ATMOSPHERES",2013,66
"133","Inside versus Outside: Ion Redistribution in Nitric Acid Reacted Sea Spray Aerosol Particles as Determined by Single Particle Analysis","Ault;Prather;Grassian","JOURNAL OF THE AMERICAN CHEMICAL SOCIETY",2013,76
"134","Raman microspectroscopy and vibrational sum frequency generation spectroscopy as probes of the bulk and surface compositions of size-resolved sea spray aerosol particles","Ault;Geiger;Prather;Grassian","PHYSICAL CHEMISTRY CHEMICAL PHYSICS",2013,67
"135","Size-Dependent Changes in Sea Spray Aerosol Composition and Properties with Different Seawater Conditions","Ault;Geiger;Prather;Grassian","ENVIRONMENTAL SCIENCE & TECHNOLOGY",2013,121
"136","Size-Resolved Sea Spray Aerosol Particles Studied by Vibrational Sum Frequency Generation","Ault;Geiger;Prather;Grassian","JOURNAL OF PHYSICAL CHEMISTRY A",2013,36
"137","Chemical properties of insoluble precipitation residue particles","Ault;Prather","JOURNAL OF AEROSOL SCIENCE",2014,23
"138","Heterogeneous Reactivity of Nitric Acid with Nascent Sea Spray Aerosol: Large Differences Observed between and within Individual Particles","Ault;Prather;Grassian","JOURNAL OF PHYSICAL CHEMISTRY LETTERS",2014,49
"139","On the Role of Particle Inorganic Mixing State in the Reactive Uptake of N2O5 to Ambient Aerosol Particles","Ault;Prather","ENVIRONMENTAL SCIENCE & TECHNOLOGY",2014,44
"140","Toxicity assessment of zinc oxide nanoparticles using sub-acute and sub-chronic murine inhalation models","Ault;Grassian","PARTICLE AND FIBRE TOXICOLOGY",2014,125
"141","Transition Metal Associations with Primary Biological Particles in Sea Spray Aerosol Generated in a Wave Channel","Ault;Prather;Grassian","ENVIRONMENTAL SCIENCE & TECHNOLOGY",2014,41
"142","Comparison of the mixing state of long-range transported Asian and African mineral dust","Ault;Prather","ATMOSPHERIC ENVIRONMENT",2015,33
"143","Impact of interannual variations in sources of insoluble aerosol species on orographic precipitation over California's central Sierra Nevada","Ault;Prather","ATMOSPHERIC CHEMISTRY AND PHYSICS",2015,24
"144","Sea spray aerosol as a unique source of ice nucleating particles","Ault;Abbatt;Prather;Grassian","PROCEEDINGS OF THE NATIONAL ACADEMY OF SCIENCES OF THE UNITED STATES OF AMERICA",2016,193
"145","Development of a hydrophilic interaction liquid chromatography (HILIC) method for the chemical characterization of water-soluble isoprene epoxydiol (IEPOX)-derived secondary organic aerosol","Ault;Turpin","ENVIRONMENTAL SCIENCE-PROCESSES & IMPACTS",2018,43
"146","Joint Impacts of Acidity and Viscosity on the Formation of Secondary Organic Aerosol from Isoprene Epoxydiols (IEPDX) in Phase Separated Particles","Ault;Turpin;Kroll","ACS EARTH AND SPACE CHEMISTRY",2019,26
"147","Heterogeneous Hydroxyl Radical Oxidation of Isoprene-Epoxydiol-Derived Methyltetrol Sulfates: Plausible Formation Mechanisms of Previously Unexplained Organosulfates in Ambient Fine Aerosols","Ault;Turpin","ENVIRONMENTAL SCIENCE & TECHNOLOGY LETTERS",2020,11
"148","Indoor Surface Chemistry: Developing a Molecular Picture of Reactions on Indoor Interfaces","Ault;Donaldson;Farmer;Morrison;Shiraiwa;Vance;Carslaw;O'Brien;McNeill;Grassian","CHEM",2020,10
"149","The acidity of atmospheric particles and clouds","Ault;McNeill","ATMOSPHERIC CHEMISTRY AND PHYSICS",2020,93
"150","Convective Heat Transfer in Rooms with Ceiling Slot Diffusers (RP-1416)","Novoselac;Goldstein","HVAC&R RESEARCH",2010,17
"151","Cooking, Bleach Cleaning, and Air Conditioning Strongly Impact Levels of HONO in a House","Novoselac;Farmer;Abbatt;Vance;Stevens","ENVIRONMENTAL SCIENCE & TECHNOLOGY",2020,4
"152","Home chemical and microbial transitions across urbanization","Novoselac;Ruiz","NATURE MICROBIOLOGY",2020,23
"153","Internal convective heat transfer modeling: Critical review and discussion of experimentally derived correlations","Novoselac;Morrison","ENERGY AND BUILDINGS",2011,52
"154","Occupational Exposure to Hazardous Airborne Pollutants: Effects of Air Mixing and Source Location","Novoselac;Rim","JOURNAL OF OCCUPATIONAL AND ENVIRONMENTAL HYGIENE",2010,29
"155","Passive reduction of human exposure to indoor ozone","Novoselac;Morrison","BUILDING AND ENVIRONMENT",2010,45
"156","Spatial and temporal scales of variability for indoor air constituents","Novoselac;Young;Farmer;Rim;Abbatt;Shiraiwa;Carslaw;Stevens;Kahan","COMMUNICATIONS CHEMISTRY",2021,0
"157","The influence of chemical interactions at the human surface on breathing zone levels of reactants and products","Novoselac;Rim;Morrison","INDOOR AIR",2009,44
"158","Transport of particulate and gaseous pollutants in the vicinity of a human body","Novoselac;Rim","BUILDING AND ENVIRONMENT",2009,103
"159","Ventilation effectiveness as an indicator of occupant exposure to particles from indoor sources","Novoselac;Rim","BUILDING AND ENVIRONMENT",2010,39
"160","Walls talk: Microbial biogeography of homes spanning urbanization","Novoselac;Ruiz","SCIENCE ADVANCES",2016,38
"161","Ammonium Addition (and Aerosol pH) Has a Dramatic Impact on the Volatility and Yield of Glyoxal Secondary Organic Aerosol","Turpin;McNeill","ENVIRONMENTAL SCIENCE & TECHNOLOGY",2014,42
"162","Dynamics of Residential Water-Soluble Organic Gases: Insights into Sources and Sinks","Turpin;Morrison","ENVIRONMENTAL SCIENCE & TECHNOLOGY",2019,17
"163","Influence of human activity patterns, particle composition, and residential air exchange rates on modeled distributions of PM2.5 exposure compared with central-site monitoring data","Turpin;Morrison","JOURNAL OF EXPOSURE SCIENCE AND ENVIRONMENTAL EPIDEMIOLOGY",2013,40
"164","Organosulfates from Dark Aqueous Reactions of Isoprene-Derived Epoxydiols Under Cloud and Fog Conditions: Kinetics, Mechanism, and Effect of Reaction Environment on Regioselectivity of Sulfate Addition","Turpin;McNeill","ACS EARTH AND SPACE CHEMISTRY",2021,1
"165","PFOS dominates PFAS composition in ambient fine particulate matter (PM2.5) collected across North Carolina nearly 20 years after the end of its US production","Turpin;Vance","ENVIRONMENTAL SCIENCE-PROCESSES & IMPACTS",2021,0
"166","Photochemical organonitrate formation in wet aerosols","Turpin;Young","ATMOSPHERIC CHEMISTRY AND PHYSICS",2016,8
"167","Refined ambient PM2.5 exposure surrogates and the risk of myocardial infarction","Turpin;Morrison","JOURNAL OF EXPOSURE SCIENCE AND ENVIRONMENTAL EPIDEMIOLOGY",2013,27
"168","The Triggering of Myocardial Infarction by Fine Particles Is Enhanced When Particles Are Enriched in Secondary Species","Turpin;Morrison","ENVIRONMENTAL SCIENCE & TECHNOLOGY",2013,35
"169","Volatility of methylglyoxal cloud SOA formed through OH radical oxidation and droplet evaporation","Turpin;McNeill","ATMOSPHERIC ENVIRONMENT",2016,16
"170","A large and ubiquitous source of atmospheric formic acid","Williams;Farmer;de Gouw","ATMOSPHERIC CHEMISTRY AND PHYSICS",2015,113
"171","Analysis of indoor particles and gases and their evolution with natural ventilation","Williams;Morrison","INDOOR AIR",2019,10
"172","Continuous measurement of reactive oxygen species inside and outside of a residential house during summer","Williams;Morrison","INDOOR AIR",2021,1
"173","Evaluating Indoor Air Chemical Diversity, Indoor-to-Outdoor Emissions, and Surface Reservoirs Using High-Resolution Mass Spectrometry","Williams;Morrison","ENVIRONMENTAL SCIENCE & TECHNOLOGY",2021,0
"174","Nitrate radicals and biogenic volatile organic compounds: oxidation, mechanisms, and organic aerosol","Williams;Shiraiwa","ATMOSPHERIC CHEMISTRY AND PHYSICS",2017,179
"175","A portable, robust, stable, and tunable calibration source for gas-phase nitrous acid (HONO)","Young;VandenBoer","ATMOSPHERIC MEASUREMENT TECHNIQUES",2020,3
"176","Absolute ozone absorption cross section in the Huggins Chappuis minimum (350-470 nm) at 296 K","Young;Kahan","ATMOSPHERIC CHEMISTRY AND PHYSICS",2011,28
"177","Chemistry of Volatile Organic Compounds in the Los Angeles Basin: Formation of Oxygenated Compounds and Determination of Emission Ratios","Young;Isaacman-VanWertz;de Gouw;Stevens","JOURNAL OF GEOPHYSICAL RESEARCH-ATMOSPHERES",2018,21
"178","Chlorine activation within urban or power plant plumes: Vertically resolved ClNO2 and Cl-2 measurements from a tall tower in a polluted continental setting","Young;Williams;Williams;VandenBoer","JOURNAL OF GEOPHYSICAL RESEARCH-ATMOSPHERES",2013,73
"179","Chlorine as a primary radical: evaluation of methods to understand its role in initiation of oxidative cycles","Young;Stevens","ATMOSPHERIC CHEMISTRY AND PHYSICS",2014,61
"180","Composition of Size-Resolved Aged Boreal Fire Aerosols: Brown Carbon, Biomass Burning Tracers, and Reduced Nitrogen","Young;VandenBoer","ACS EARTH AND SPACE CHEMISTRY",2018,9
"181","Development of a gas phase source for perfluoroalkyl acids to examine atmospheric sampling methods","Young;VandenBoer","ANALYST",2016,5
"182","Formation and emission of hydrogen chloride in indoor air","Young;Kahan;VandenBoer","INDOOR AIR",2019,12
"183","Heterogeneous formation of nitryl chloride and its role as a nocturnal NOx reservoir species during CalNex-LA 2010","Young;de Gouw","JOURNAL OF GEOPHYSICAL RESEARCH-ATMOSPHERES",2013,54
"184","Hydrogen Peroxide Emission and Fate Indoors during Non-bleach Cleaning: A Chamber and Modeling Study","Young;Carslaw;Kahan;VandenBoer","ENVIRONMENTAL SCIENCE & TECHNOLOGY",2020,1
"185","Illuminating the dark side of indoor oxidants","Young;Kahan","ENVIRONMENTAL SCIENCE-PROCESSES & IMPACTS",2019,22
"186","Measurements of hydroxyl and hydroperoxy radicals during CalNex-LA: Model comparisons and radical budgets","Young;de Gouw;Stevens","JOURNAL OF GEOPHYSICAL RESEARCH-ATMOSPHERES",2016,46
"187","N2O5 uptake coefficients and nocturnal NO2 removal rates determined from ambient wintertime measurements","Young;VandenBoer","JOURNAL OF GEOPHYSICAL RESEARCH-ATMOSPHERES",2013,59
"188","Nitrogen, Aerosol Composition, and Halogens on a Tall Tower (NACHTT): Overview of a wintertime air chemistry field study in the front range urban corridor of Colorado","Young;VandenBoer","JOURNAL OF GEOPHYSICAL RESEARCH-ATMOSPHERES",2013,51
"189","Nocturnal loss and daytime source of nitrous acid through reactive uptake and displacement","Young;VandenBoer","NATURE GEOSCIENCE",2015,56
"190","Non-woven materials for cloth-based face masks inserts: relationship between material properties and sub-micron aerosol filtration","Young;VandenBoer","ENVIRONMENTAL SCIENCE-NANO",2021,1
"191","Ozone photochemistry in an oil and natural gas extraction region during winter: simulations of a snow-free season in the Uintah Basin, Utah","Young;Williams;Geiger;Williams","ATMOSPHERIC CHEMISTRY AND PHYSICS",2013,62
"192","Passive sampling capabilities for ultra-trace quantitation of atmospheric nitric acid (HNO3) in remote environments","Young;VandenBoer","ATMOSPHERIC ENVIRONMENT",2018,4
"193","Quantitation of amino sugar stereoisomer and muramic acid biomarkers by hydrophilic interaction liquid chromatography-mass spectrometry","Young;VandenBoer","JOURNAL OF CHROMATOGRAPHY A",2020,1
"194","Reactive nitrogen partitioning and its relationship to winter ozone events in Utah","Young;Williams;Williams;de Gouw","ATMOSPHERIC CHEMISTRY AND PHYSICS",2016,19
"195","Role of location, season, occupant activity, and chemistry in indoor ozone and nitrogen oxide mixing ratios","Young;Kahan;VandenBoer","ENVIRONMENTAL SCIENCE-PROCESSES & IMPACTS",2019,12
"196","Selective decontamination of the reactive air pollutant nitrous acid via node-linker cooperativity in a metal-organic framework","Young;VandenBoer","CHEMICAL SCIENCE",2019,16
"197","The glyoxal budget and its contribution to organic aerosol for Los Angeles, California, during CalNex 2010","Young;de Gouw;Stevens","JOURNAL OF GEOPHYSICAL RESEARCH-ATMOSPHERES",2011,71
"198","The primary and recycling sources of OH during the NACHTT-2011 campaign: HONO as an important OH primary source in the wintertime","Young;Williams;Williams;VandenBoer","JOURNAL OF GEOPHYSICAL RESEARCH-ATMOSPHERES",2014,37
"199","Time-Resolved Measurements of Nitric Oxide, Nitrogen Dioxide, and Nitrous Acid in an Occupied New York Home","Young;Kahan;VandenBoer","ENVIRONMENTAL SCIENCE & TECHNOLOGY",2018,40
"200","Understanding Sources of Atmospheric Hydrogen Chloride in Coastal Spring and Continental Winter","Young;VandenBoer","ACS EARTH AND SPACE CHEMISTRY",2021,0
"201","Understanding the role of the ground surface in HONO vertical structure: High resolution vertical profiles during NACHTT-11","Young;de Gouw;VandenBoer","JOURNAL OF GEOPHYSICAL RESEARCH-ATMOSPHERES",2013,77
"202","Validation of a new cavity ring-down spectrometer for measuring tropospheric gaseous hydrogen chloride","Young;VandenBoer","ATMOSPHERIC MEASUREMENT TECHNIQUES",2021,0
"203","Vertically Resolved Measurements of Nighttime Radical Reservoirs; in Los Angeles and Their Contribution to the Urban Radical Budget","Young;de Gouw;VandenBoer","ENVIRONMENTAL SCIENCE & TECHNOLOGY",2012,98
"204","Heterogeneous ozonation kinetics of phenanthrene at the air-ice interface","Donaldson;Kahan","ENVIRONMENTAL RESEARCH LETTERS",2008,32
"205","Self-Association of Naphthalene at the Air-Ice Interface","Donaldson;Kahan","JOURNAL OF PHYSICAL CHEMISTRY A",2009,34
"206","An overview of current issues in the uptake of atmospheric trace gases by aerosols and clouds","Donaldson;Abbatt","ATMOSPHERIC CHEMISTRY AND PHYSICS",2010,261
"207","Anthracene Photolysis in Aqueous Solution and Ice: Photon Flux Dependence and Comparison of Kinetics in Bulk Ice and at the Air-Ice Interface","Donaldson;Kahan","ENVIRONMENTAL SCIENCE & TECHNOLOGY",2010,40
"208","Benzene Photolysis on Ice: Implications for the Fate of Organic Contaminants in the Winter","Donaldson;Kahan","ENVIRONMENTAL SCIENCE & TECHNOLOGY",2010,52
"209","Different photolysis kinetics at the surface of frozen freshwater vs. frozen salt solutions","Donaldson;Kahan","ATMOSPHERIC CHEMISTRY AND PHYSICS",2010,27
"210","Hydroxyl radical reactivity at the air-ice interface","Donaldson;Kahan","ATMOSPHERIC CHEMISTRY AND PHYSICS",2010,36
"211","Mechanism of Aqueous-Phase Ozonation of S(IV)","Donaldson;Kahan","JOURNAL OF PHYSICAL CHEMISTRY A",2010,6
"212","Spectroscopic studies of the heterogeneous reaction between O-3(g) and halides at the surface of frozen salt solutions","Donaldson;Kahan","JOURNAL OF GEOPHYSICAL RESEARCH-ATMOSPHERES",2010,24
"213","Organics in environmental ices: sources, chemistry, and impacts","Donaldson;Abbatt;Kahan;McNeill","ATMOSPHERIC CHEMISTRY AND PHYSICS",2012,81
"214","Photochemical chlorine and bromine activation from artificial saline snow","Donaldson;Abbatt","ATMOSPHERIC CHEMISTRY AND PHYSICS",2013,32
"215","A Pinch of Salt Is All It Takes: Chemistry at the Frozen Water Surface","Donaldson;Kahan","ACCOUNTS OF CHEMICAL RESEARCH",2014,28
"216","Reply to Comment on 'Photolysis of Polycyclic Aromatic Hydrocarbons on Water and Ice Surfaces' and on 'Nonchromophoric Organic Matter Suppresses Polycyclic Aromatic Hydrocarbon Photolysis in Ice and at Ice Surfaces'","Donaldson;Kahan","JOURNAL OF PHYSICAL CHEMISTRY A",2015,1
"217","Gas-phase hydrolysis of triplet SO2: A possible direct route to atmospheric acid formation","Donaldson;Kroll","SCIENTIFIC REPORTS",2016,14
"218","Differences in photochemistry between seawater and freshwater for two natural organic matter samples","Donaldson;McNeill","ENVIRONMENTAL SCIENCE-PROCESSES & IMPACTS",2019,8
"219","Modeling the Removal of Water-Soluble Trace Gases from Indoor Air via Air Conditioner Condensate","Donaldson;Farmer;Abbatt","ENVIRONMENTAL SCIENCE & TECHNOLOGY",2021,0
"220","A simplified description of the evolution of organic aerosol composition in the atmosphere","Farmer;Kroll","GEOPHYSICAL RESEARCH LETTERS",2010,293
"221","Response of an aerosol mass spectrometer to organonitrates and organosulfates and implications for atmospheric chemistry","Farmer;Ziemann","PROCEEDINGS OF THE NATIONAL ACADEMY OF SCIENCES OF THE UNITED STATES OF AMERICA",2010,293
"222","Investigating diesel engines as an atmospheric source of isocyanic acid in urban areas","Farmer;de Gouw","ATMOSPHERIC CHEMISTRY AND PHYSICS",2017,19
"223","Indoor air: sources, chemistry and health effects","Farmer;Vance","ENVIRONMENTAL SCIENCE-PROCESSES & IMPACTS",2019,2
"224","A Chemical Perspective on Climate: Emerging Research into Atmospheric Chemistry Impacts on Earth's Radiative Balance","Farmer;Prather","ACCOUNTS OF CHEMICAL RESEARCH",2020,0
"225","Glass surface evolution following gas adsorption and particle deposition from indoor cooking events as probed by microspectroscopic analysis","Farmer;Rim;Vance;O'Brien;Grassian","ENVIRONMENTAL SCIENCE-PROCESSES & IMPACTS",2020,4
"226","The complex chemical effects of COVID-19 shutdowns on air quality","Farmer;Kroll","NATURE CHEMISTRY",2020,50
"227","Acidity across the interface from the ocean surface to sea spray aerosol","Farmer;Prather;Grassian","PROCEEDINGS OF THE NATIONAL ACADEMY OF SCIENCES OF THE UNITED STATES OF AMERICA",2021,5
"228","Fates and spatial variations of accumulation mode particles in a multi-zone indoor environment during the HOMEChem campaign","Farmer;Vance","ENVIRONMENTAL SCIENCE-PROCESSES & IMPACTS",2021,1
"229","Indoor black carbon and brown carbon concentrations from cooking and outdoor penetration: insights from the HOMEChem study","Farmer;Vance;Nazaroff","ENVIRONMENTAL SCIENCE-PROCESSES & IMPACTS",2021,0
"230","Investigating Carbonaceous Aerosol and Its Absorption Properties From Fires in the Western United States (WE-CAN) and Southern Africa (ORACLES and CLARIFY)","Farmer;Kroll","JOURNAL OF GEOPHYSICAL RESEARCH-ATMOSPHERES",2021,0
"231","Particle Size Distribution Dynamics Can Help Constrain the Phase State of Secondary Organic Aerosol","Farmer;Shiraiwa","ENVIRONMENTAL SCIENCE & TECHNOLOGY",2021,1
"232","Energy and Cost Associated with Ventilating Office Buildings in a Tropical Climate","Rim;Nazaroff","PLOS ONE",2015,26
"233","Modelling consortium for chemistry of indoor environments (MOCCIE): integrating chemical processes from molecular to room scales","Rim;Young;Morrison;Shiraiwa;Waring;Carslaw","ENVIRONMENTAL SCIENCE-PROCESSES & IMPACTS",2019,16
"234","Ozone reaction with human surfaces: Influences of surface reaction probability and indoor air flow condition","Rim;Young","BUILDING AND ENVIRONMENT",2018,15
"235","Ozone reaction with interior building materials: Influence of diurnal ozone variation, temperature and humidity","Rim;Nazaroff","ATMOSPHERIC ENVIRONMENT",2016,25
"236","Sensation of draft at uncovered ankles for women exposed to displacement ventilation and underfloor air distribution systems","Rim;Nazaroff","BUILDING AND ENVIRONMENT",2016,31
"237","Spatial distributions of ozonolysis products from human surfaces in ventilated rooms","Rim;Young;Morrison;Shiraiwa","INDOOR AIR",2020,4
"238","The impact of clothing on ozone and squalene ozonolysis products in indoor environments","Rim;Young;Morrison;Shiraiwa","COMMUNICATIONS CHEMISTRY",2019,22
"239","Understanding the Spatial Heterogeneity of Indoor OH and HO2 due to Photolysis of HONO Using Computational Fluid Dynamics Simulation","Rim;Young;Waring","ENVIRONMENTAL SCIENCE & TECHNOLOGY",2019,6
"240","Schrodinger's microbes: Tools for distinguishing the living from the dead in microbial ecosystems","Hartmann;Adams","MICROBIOME",2017,162
"241","Benzalkonium chloride: A systematic review of its environmental entry through wastewater treatment, potential impact, and mitigation strategies","Hartmann;Williams;Williams","CRITICAL REVIEWS IN ENVIRONMENTAL SCIENCE AND TECHNOLOGY",2021,0
"242","The Future of Bacteriophage Therapy Will Promote Antimicrobial Susceptibility.","Hartmann;Williams;Williams","mSystems",2021,0
"243","Toward Accurate and Robust Environmental Surveillance Using Metagenomics","Hartmann;Young","FRONTIERS IN GENETICS",2021,1
"244","Contrasting organic aerosol particles from boreal and tropical forests during HUMPPA-COPEC-2010 and AMAZE-08 using coherent vibrational spectroscopy","Geiger;Williams;Williams","ATMOSPHERIC CHEMISTRY AND PHYSICS",2011,24
"245","The summertime Boreal forest field measurement intensive (HUMPPA-COPEC-2010): an overview of meteorological and chemical influences","Geiger;Williams;Williams","ATMOSPHERIC CHEMISTRY AND PHYSICS",2011,69
"246","Biogenic and biomass burning organic aerosol in a boreal forest at Hyytiala, Finland, during HUMPPA-COPEC 2010","Geiger;Williams;Williams","ATMOSPHERIC CHEMISTRY AND PHYSICS",2013,39
"247","Counting the Number of Magnesium Ions Bound to the Surface-Immobilized Thymine Oligonucleotides That Comprise Spherical Nucleic Acids","Geiger;Young","JOURNAL OF THE AMERICAN CHEMICAL SOCIETY",2013,14
"248","Climate-relevant physical properties of molecular constituents for isoprene-derived secondary organic aerosol material","Geiger;McNeill","ATMOSPHERIC CHEMISTRY AND PHYSICS",2014,12
"249","Challenges and Opportunities in Molecular-Level Indoor Surface Chemistry and Physics","Geiger;Grassian","CELL REPORTS PHYSICAL SCIENCE",2020,2
"250","Liquid-liquid phase separation and morphologies in organic particles consisting of alpha-pinene and beta-caryophyllene ozonolysis products and mixtures with commercially available organic compounds","Geiger;Young","ATMOSPHERIC CHEMISTRY AND PHYSICS",2020,0
"251","Mario Molina, 1943-2020","Geiger;McNeill","JOURNAL OF PHYSICAL CHEMISTRY A",2020,1
"252","A versatile and reproducible automatic injection system for liquid standard introduction: application to in-situ calibration","Isaacman-VanWertz;Goldstein","ATMOSPHERIC MEASUREMENT TECHNIQUES",2011,14
"253","Understanding evolution of product composition and volatility distribution through in-situ GC x GC analysis: a case study of longifolene ozonolysis","Isaacman-VanWertz;Goldstein","ATMOSPHERIC CHEMISTRY AND PHYSICS",2011,25
"254","Elucidating secondary organic aerosol from diesel and gasoline vehicles through detailed characterization of organic carbon emissions","Isaacman-VanWertz;Goldstein","PROCEEDINGS OF THE NATIONAL ACADEMY OF SCIENCES OF THE UNITED STATES OF AMERICA",2012,274
"255","Embracing Complexity: Deciphering Origins and Transformations of Atmospheric Organics through Speciated Measurements","Isaacman-VanWertz;Goldstein","ENVIRONMENTAL SCIENCE & TECHNOLOGY",2012,5
"256","Heterogeneous OH Oxidation of Motor Oil Particles Causes Selective Depletion of Branched and Less Cyclic Hydrocarbons","Isaacman-VanWertz;Goldstein","ENVIRONMENTAL SCIENCE & TECHNOLOGY",2012,29
"257","Thermal Desorption Comprehensive Two-Dimensional Gas Chromatography: An Improved Instrument for In-Situ Speciated Measurements of Organic Aerosols","Isaacman-VanWertz;Goldstein","AEROSOL SCIENCE AND TECHNOLOGY",2012,29
"258","Chemical Composition of Gas-Phase Organic Carbon Emissions from Motor Vehicles and Implications for Ozone Production","Isaacman-VanWertz;Goldstein","ENVIRONMENTAL SCIENCE & TECHNOLOGY",2013,93
"259","Detailed chemical characterization of unresolved complex mixtures in atmospheric organics: Insights into emission sources, atmospheric processing, and secondary organic aerosol formation","Isaacman-VanWertz;Goldstein","JOURNAL OF GEOPHYSICAL RESEARCH-ATMOSPHERES",2013,52
"260","OH-Initiated Heterogeneous Oxidation of Cholestane: A Model System for Understanding the Photochemical Aging of Cyclic Alkane Aerosols","Isaacman-VanWertz;Goldstein","JOURNAL OF PHYSICAL CHEMISTRY A",2013,17
"261","Sources of organic aerosol investigated using organic compounds as tracers measured during CalNex in Bakersfield","Isaacman-VanWertz;Goldstein","JOURNAL OF GEOPHYSICAL RESEARCH-ATMOSPHERES",2013,17
"262","The Influence of Molecular Structure and Aerosol Phase on the Heterogeneous Oxidation of Normal and Branched Alkanes by OH","Isaacman-VanWertz;Goldstein","JOURNAL OF PHYSICAL CHEMISTRY A",2013,39
"263","Development of an automated high-temperature valveless injection system for online gas chromatography","Isaacman-VanWertz;Goldstein","ATMOSPHERIC MEASUREMENT TECHNIQUES",2014,10
"264","Lubricating Oil Dominates Primary Organic Aerosol Emissions from Motor Vehicles","Isaacman-VanWertz;Goldstein","ENVIRONMENTAL SCIENCE & TECHNOLOGY",2014,85
"265","Online derivatization for hourly measurements of gas- and particle-phase semi-volatile oxygenated organic compounds by thermal desorption aerosol gas chromatography (SV-TAG)","Isaacman-VanWertz;Goldstein","ATMOSPHERIC MEASUREMENT TECHNIQUES",2014,60
"266","An improved, automated whole air sampler and gas chromatography mass spectrometry analysis system for volatile organic compounds in the atmosphere","Isaacman-VanWertz;de Gouw","ATMOSPHERIC MEASUREMENT TECHNIQUES",2017,28
"267","Atmospheric chemistry and the biosphere: general discussion","Isaacman-VanWertz;Williams;Young;Williams","FARADAY DISCUSSIONS",2017,1
"268","Atmospheric chemistry processes: general discussion","Isaacman-VanWertz;Williams;Kroll;Williams","FARADAY DISCUSSIONS",2017,0
"269","Chemistry of Volatile Organic Compounds in the Los Angeles basin: Nighttime Removal of Alkenes and Determination of Emission Ratios","Isaacman-VanWertz;de Gouw;Stevens","JOURNAL OF GEOPHYSICAL RESEARCH-ATMOSPHERES",2017,19
"270","New tools for atmospheric chemistry: general discussion","Isaacman-VanWertz;Williams;Young;Kroll;Williams","FARADAY DISCUSSIONS",2017,0
"271","Calibration and assessment of electrochemical air quality sensors by co-location with regulatory-grade instruments","Isaacman-VanWertz;Kroll","ATMOSPHERIC MEASUREMENT TECHNIQUES",2018,46
"272","Organic Sulfur Products and Peroxy Radical Isomerization in the OH Oxidation of Dimethyl Sulfide","Isaacman-VanWertz;Kroll","ACS EARTH AND SPACE CHEMISTRY",2021,0
"273","In planta passive sampling devices for assessing subsurface chlorinated solvents","Morrison;Burken","CHEMOSPHERE",2014,9
"274","A modeling enterprise for chemistry of indoor environments (CIE)","Morrison;Waring;Carslaw","INDOOR AIR",2017,6
"275","Impact of surface ozone interactions on indoor air chemistry: A modeling study","Morrison;Carslaw","INDOOR AIR",2017,38
"276","Clothing-Mediated Exposures to Chemicals and Particles","Morrison;Nazaroff","ENVIRONMENTAL SCIENCE & TECHNOLOGY",2019,22
"277","Indoor boundary layer chemistry modeling","Morrison;Abbatt;Shiraiwa","INDOOR AIR",2019,6
"278","The Indoor Chemical Human Emissions and Reactivity (ICHEAR) project: Overview of experimental methodology and preliminary results","Morrison;Williams;Williams","INDOOR AIR",2020,9
"279","Assessing Human Exposure to SVOCs in Materials, Products, and Articles: A Modular Mechanistic Framework","Morrison;Shiraiwa","ENVIRONMENTAL SCIENCE & TECHNOLOGY",2021,6
"280","Correlation of secondary organic aerosol with odd oxygen in Mexico City","Kroll;de Gouw","GEOPHYSICAL RESEARCH LETTERS",2008,106
"281","O/C and OM/OC ratios of primary, secondary, and ambient organic aerosols with high-resolution time-of-flight aerosol mass spectrometry","Kroll;Ziemann","ENVIRONMENTAL SCIENCE & TECHNOLOGY",2008,1012
"282","A new cavity based absorption instrument for detection of water isotopologues in the upper troposphere and lower stratosphere","Kroll;O'Brien","REVIEW OF SCIENTIFIC INSTRUMENTS",2009,68
"283","Evolution of Organic Aerosols in the Atmosphere","Kroll;Williams;Williams","SCIENCE",2009,2239
"284","Isoprene photooxidation: new insights into the production of acids and organic nitrates","Kroll;Wennberg","ATMOSPHERIC CHEMISTRY AND PHYSICS",2009,295
"285","Investigation of the correlation between odd oxygen and secondary organic aerosol in Mexico City and Houston","Kroll;Williams;Williams","ATMOSPHERIC CHEMISTRY AND PHYSICS",2010,62
"286","Mass Spectral Analysis of Organic Aerosol Formed Downwind of the Deepwater Horizon Oil Spill: Field Studies and Laboratory Confirmations","Kroll;Williams;Williams;de Gouw","ENVIRONMENTAL SCIENCE & TECHNOLOGY",2012,32
"287","Why do organic aerosols exist? Understanding aerosol lifetimes using the two-dimensional volatility basis set","Kroll;Adams","ENVIRONMENTAL CHEMISTRY",2013,75
"288","Elemental ratio measurements of organic compounds using aerosol mass spectrometry: characterization, improved calibration, and implications","Kroll;Williams;Williams;Ruiz","ATMOSPHERIC CHEMISTRY AND PHYSICS",2015,461
"289","The Essential Role for Laboratory Studies in Atmospheric Chemistry","Kroll;Abbatt;Ziemann;McNeill","ENVIRONMENTAL SCIENCE & TECHNOLOGY",2017,45
"290","Chemical Characterization of Isoprene- and Monoterpene-Derived Secondary Organic Aerosol Tracers in Remote Marine Aerosols over a Quarter Century","Kroll;O'Brien","ACS EARTH AND SPACE CHEMISTRY",2019,13
"291","Inferring Aerosol Sources from Low-Cost Air Quality Sensor Measurements: A Case Study in Delhi, India","Kroll;Ruiz","ENVIRONMENTAL SCIENCE & TECHNOLOGY LETTERS",2019,7
"292","Infrared Ion Spectroscopy of Environmental Organic Mixtures: Probing the Composition of alpha-Pinene Secondary Organic Aerosol","Kroll;O'Brien","ENVIRONMENTAL SCIENCE & TECHNOLOGY",2019,6
"293","OH chemistry of non-methane organic gases (NMOGs) emitted from laboratory and ambient biomass burning smoke: evaluating the influence of furans and oxygenated aromatics on ozone and secondary NMOG formation","Kroll;de Gouw","ATMOSPHERIC CHEMISTRY AND PHYSICS",2019,21
"294","Photolytic Aging of Secondary Organic Aerosol: Evidence for a Substantial Photo-Recalcitrant Fraction","Kroll;O'Brien","JOURNAL OF PHYSICAL CHEMISTRY LETTERS",2019,12
"295","Secondary organic aerosol formation from the laboratory oxidation of biomass burning emissions","Kroll;de Gouw","ATMOSPHERIC CHEMISTRY AND PHYSICS",2019,32
"296","Ultrasonic nebulization for the elemental analysis of microgram-level samples with offline aerosol mass spectrometry","Kroll;O'Brien","ATMOSPHERIC MEASUREMENT TECHNIQUES",2019,7
"297","A biogenic secondary organic aerosol source of cirrus ice nucleating particles","Kroll;Abbatt","NATURE COMMUNICATIONS",2020,5
"298","Biomass-burning-derived particles from a wide variety of fuels - Part 2: Effects of photochemical aging on particle optical and chemical properties","Kroll;de Gouw","ATMOSPHERIC CHEMISTRY AND PHYSICS",2020,10
"299","Oxygenated Aromatic Compounds are Important Precursors of Secondary Organic Aerosol in Biomass-Burning Emissions","Kroll;de Gouw","ENVIRONMENTAL SCIENCE & TECHNOLOGY",2020,11
"300","Simultaneous detection of perchlorate and bromate using rapid high-performance ion exchange chromatography-tandem mass spectrometry and perchlorate removal in drinking water","Burken;Adams","ENVIRONMENTAL SCIENCE AND POLLUTION RESEARCH",2015,12
"301","Characterization of aerosol photooxidation flow reactors: heterogeneous oxidation, secondary organic aerosol formation and cloud condensation nuclei activity measurements","Abbatt;Williams;Williams","ATMOSPHERIC MEASUREMENT TECHNIQUES",2011,184
"302","The role of long-lived reactive oxygen intermediates in the reaction of ozone with aerosol particles","Abbatt;Shiraiwa","NATURE CHEMISTRY",2011,126
"303","Kinetic limitations in gas-particle reactions arising from slow diffusion in secondary organic aerosol","Abbatt;Shiraiwa","FARADAY DISCUSSIONS",2013,93
"304","A review of air-ice chemical and physical interactions (AICI): liquids, quasi-liquids, and solids in snow","Abbatt;Kahan;McNeill","ATMOSPHERIC CHEMISTRY AND PHYSICS",2014,151
"305","Collection efficiency of the soot-particle aerosol mass spectrometer (SP-AMS) for internally mixed particulate black carbon","Abbatt;Williams;Williams","ATMOSPHERIC MEASUREMENT TECHNIQUES",2014,48
"306","A marine biogenic source of atmospheric ice-nucleating particles","Abbatt;Carslaw","NATURE",2015,274
"307","Observations and impacts of bleach washing on indoor chlorine chemistry","Abbatt;Carslaw","INDOOR AIR",2017,52
"308","Ice-nucleating ability of aerosol particles and possible sources at three coastal marine sites","Abbatt;Carslaw","ATMOSPHERIC CHEMISTRY AND PHYSICS",2018,21
"309","Multiphase reactivity of polycyclic aromatic hydrocarbons is driven by phase separation and diffusion limitations","Abbatt;Shiraiwa","PROCEEDINGS OF THE NATIONAL ACADEMY OF SCIENCES OF THE UNITED STATES OF AMERICA",2019,32
"310","Organic Peroxides and Sulfur Dioxide in Aerosol: Source of Particulate Sulfate","Abbatt;McNeill","ENVIRONMENTAL SCIENCE & TECHNOLOGY",2019,19
"311","Sources of isocyanic acid (HNCO) indoors: a focus on cigarette smoke","Abbatt;Borduas-Dedekind","ENVIRONMENTAL SCIENCE-PROCESSES & IMPACTS",2019,9
"312","Reactive Uptake of Ozone to Simulated Seawater: Evidence for Iodide Depletion","Abbatt;Shiraiwa","JOURNAL OF PHYSICAL CHEMISTRY A",2020,0
"313","Global atmospheric budget of acetaldehyde: 3-D model analysis and constraints from in-situ and satellite observations","Williams;de Gouw","ATMOSPHERIC CHEMISTRY AND PHYSICS",2010,183
"314","GLOVOCS - Master compound assignment guide for proton transfer reaction mass spectrometry users","Williams;de Gouw","ATMOSPHERIC ENVIRONMENT",2021,4
"315","Sources of particulate matter in the northeastern United States in summer: 1. Direct emissions and secondary formation of organic matter in urban plumes","de Gouw;Williams;Williams","JOURNAL OF GEOPHYSICAL RESEARCH-ATMOSPHERES",2008,126
"316","Measurements of volatile organic compounds during the 2006 TexAQS/GoMACCS campaign: Industrial influences, regional characteristics, and diurnal dependencies of the OH reactivity","de Gouw;Williams;Williams","JOURNAL OF GEOPHYSICAL RESEARCH-ATMOSPHERES",2009,76
"317","Radicals in the marine boundary layer during NEAQS 2004: a model study of day-time and night-time sources and sinks","de Gouw;Williams;Williams","ATMOSPHERIC CHEMISTRY AND PHYSICS",2009,18
"318","Regional variation of the dimethyl sulfide oxidation mechanism in the summertime marine boundary layer in the Gulf of Maine","de Gouw;Williams;Williams","JOURNAL OF GEOPHYSICAL RESEARCH-ATMOSPHERES",2009,18
"319","Closing the Peroxy Acetyl (PA) Radical Budget: Observations of Acyl Peroxy Nitrates (PAN, PPN, and MPAN) During BEARPEX 2007","de Gouw;Goldstein","AIR POLLUTION MODELING AND ITS APPLICATION XX",2010,1
"320","Contribution of isoprene-derived organosulfates to free tropospheric aerosol mass","de Gouw;Wennberg","PROCEEDINGS OF THE NATIONAL ACADEMY OF SCIENCES OF THE UNITED STATES OF AMERICA",2010,140
"321","Ozone variability and halogen oxidation within the Arctic and sub-Arctic springtime boundary layer","de Gouw;Williams;Williams","ATMOSPHERIC CHEMISTRY AND PHYSICS",2010,75
"322","Evaluations of NOx and highly reactive VOC emission inventories in Texas and their implications for ozone plume simulations during the Texas Air Quality Study 2006","de Gouw;Williams;Williams","ATMOSPHERIC CHEMISTRY AND PHYSICS",2011,62
"323","Importance of secondary sources in the atmospheric budgets of formic and acetic acids","de Gouw;Wennberg","ATMOSPHERIC CHEMISTRY AND PHYSICS",2011,195
"324","Modelled and measured concentrations of peroxy radicals and nitrate radical in the US Gulf Coast region during TexAQS 2006","de Gouw;Williams;Williams","JOURNAL OF ATMOSPHERIC CHEMISTRY",2011,7
"325","Ozone production in remote oceanic and industrial areas derived from ship based measurements of peroxy radicals during TexAQS 2006","de Gouw;Williams;Williams","ATMOSPHERIC CHEMISTRY AND PHYSICS",2011,10
"326","Nitryl Chloride and Molecular Chlorine in the Coastal Marine Boundary Layer","de Gouw;Williams;Williams","ENVIRONMENTAL SCIENCE & TECHNOLOGY",2012,125
"327","The sea breeze/land breeze circulation in Los Angeles and its influence on nitryl chloride production in this region","de Gouw;Williams;Williams","JOURNAL OF GEOPHYSICAL RESEARCH-ATMOSPHERES",2012,38
"328","A portable and inexpensive method for quantifying ambient intermediate volatility organic compounds","de Gouw;Ruiz","ATMOSPHERIC ENVIRONMENT",2014,6
"329","Conversion of hydroperoxides to carbonyls in field and laboratory instrumentation: Observational bias in diagnosing pristine versus anthropogenically controlled atmospheric chemistry","de Gouw;Wennberg","GEOPHYSICAL RESEARCH LETTERS",2014,69
"330","Fine-scale simulation of ammonium and nitrate over the South Coast Air Basin and San Joaquin Valley of California during CalNex-2010","de Gouw;VandenBoer","JOURNAL OF GEOPHYSICAL RESEARCH-ATMOSPHERES",2014,39
"331","High winter ozone pollution from carbonyl photolysis in an oil and gas basin","de Gouw;Young","NATURE",2014,154
"332","Measurements of hydrogen sulfide (H2S) using PTR-MS: calibration, humidity dependence, inter-comparison and results from field studies in an oil and gas production region","de Gouw;Geiger","ATMOSPHERIC MEASUREMENT TECHNIQUES",2014,17
"333","New insights into atmospheric sources and sinks of isocyanic acid, HNCO, from recent urban and regional observations","de Gouw;Williams;Williams;VandenBoer","JOURNAL OF GEOPHYSICAL RESEARCH-ATMOSPHERES",2014,28
"334","Volatile organic compound emissions from the oil and natural gas industry in the Uintah Basin, Utah: oil and gas well pad emissions compared to ambient air composition","de Gouw;Geiger","ATMOSPHERIC CHEMISTRY AND PHYSICS",2014,71
"335","Investigation of secondary formation of formic acid: urban environment vs. oil and gas producing region","de Gouw;Williams;Williams","ATMOSPHERIC CHEMISTRY AND PHYSICS",2015,41
"336","Understanding high wintertime ozone pollution events in an oil- and natural gas-producing region of the western US","de Gouw;Williams;Williams","ATMOSPHERIC CHEMISTRY AND PHYSICS",2015,91
"337","Contribution of human-related sources to indoor volatile organic compounds in a university classroom","de Gouw;Ziemann","INDOOR AIR",2016,44
"338","Influence of oil and gas emissions on summertime ozone in the Colorado Northern Front Range","de Gouw;Williams;Williams","JOURNAL OF GEOPHYSICAL RESEARCH-ATMOSPHERES",2016,62
"339","Observational constraints on glyoxal production from isoprene oxidation and its contribution to organic aerosol over the Southeast United States","de Gouw;McNeill","JOURNAL OF GEOPHYSICAL RESEARCH-ATMOSPHERES",2016,27
"340","Effects of gas-wall partitioning in Teflon tubing and instrumentation on time-resolved measurements of gas-phase organic compounds","de Gouw;Ziemann","ATMOSPHERIC MEASUREMENT TECHNIQUES",2017,63
"341","Identification and Quantification of 4-Nitrocatechol Formed from OH and NO3 Radical-Initiated Reactions of Catechol in Air in the Presence of NOx: Implications for Secondary Organic Aerosol Formation from Biomass Burning","de Gouw;Ziemann","ENVIRONMENTAL SCIENCE & TECHNOLOGY",2018,57
"342","Nitrous acid formation in a snow-free wintertime polluted rural area","de Gouw;Williams;Williams","ATMOSPHERIC CHEMISTRY AND PHYSICS",2018,13
"343","Southeast Atmosphere Studies: learning from model-observation syntheses","de Gouw;McNeill","ATMOSPHERIC CHEMISTRY AND PHYSICS",2018,24
"344","Autoxidation of Limonene Emitted in a University Art Museum","de Gouw;Ziemann","ENVIRONMENTAL SCIENCE & TECHNOLOGY LETTERS",2019,8
"345","Budgets of Organic Carbon Composition and Oxidation in Indoor Air","de Gouw;Ziemann","ENVIRONMENTAL SCIENCE & TECHNOLOGY",2019,11
"346","Effects of gas-wall interactions on measurements of semivolatile compounds and small polar molecules","de Gouw;Ziemann","ATMOSPHERIC MEASUREMENT TECHNIQUES",2019,22
"347","Measurements of delays of gas-phase compounds in a wide variety of tubing materials due to gas-wall interactions","de Gouw;Ziemann","ATMOSPHERIC MEASUREMENT TECHNIQUES",2019,35
"348","Products and Secondary Organic Aerosol Yields from the OH and NO3 Radical-Initiated Oxidation of Resorcinol","de Gouw;Ziemann","ACS EARTH AND SPACE CHEMISTRY",2019,8
"349","Simulating the Weekly Cycle of NOx-VOC-HOx-O-3 Photochemical System in the South Coast of California During CalNex-2010 Campaign","de Gouw;Stevens","JOURNAL OF GEOPHYSICAL RESEARCH-ATMOSPHERES",2019,1
"350","Time-Resolved Measurements of Indoor Chemical Emissions, Deposition, and Reactions in a University Art Museum","de Gouw;Ziemann","ENVIRONMENTAL SCIENCE & TECHNOLOGY",2019,28
"351","Measurements and modeling of absorptive partitioning of volatile organic compounds to painted surfaces","de Gouw;Ziemann","INDOOR AIR",2020,9
"352","An in situ gas chromatograph with automatic detector switching between PTR- and EI-TOF-MS: isomer-resolved measurements of indoor air","de Gouw;Ziemann","ATMOSPHERIC MEASUREMENT TECHNIQUES",2021,1
"353","How ant acid forms in the atmosphere","de Gouw;Farmer","NATURE",2021,0
"354","Measurements of Total OH Reactivity During CalNex-LA","de Gouw;Young;Stevens","JOURNAL OF GEOPHYSICAL RESEARCH-ATMOSPHERES",2021,0
"355","Quantification and source characterization of volatile organic compounds from exercising and application of chlorine-based cleaning products in a university athletic center","de Gouw;Ziemann","INDOOR AIR",2021,3
"356","Secondary organic aerosols from anthropogenic volatile organic compounds contribute substantially to air pollution mortality","de Gouw;Young","ATMOSPHERIC CHEMISTRY AND PHYSICS",2021,1
"357","Sources of Gas-Phase Species in an Art Museum from Comprehensive Real-Time Measurements","de Gouw;Ziemann","ACS EARTH AND SPACE CHEMISTRY",2021,0
"358","A paradigm shift to combat indoor respiratory infection Building ventilation systems must get much better","Prather;Nazaroff","SCIENCE",2021,9
"359","Advancing Model Systems for Fundamental Laboratory Studies of Sea Spray Aerosol Using the Microbial Loop","Prather;Grassian","JOURNAL OF PHYSICAL CHEMISTRY A",2015,42
"360","Analysis of Atmospheric Aerosols","Prather;Grassian","ANNUAL REVIEW OF ANALYTICAL CHEMISTRY",2008,109
"361","Analysis of Organic Anionic Surfactants in Fine and Coarse Fractions of Freshly Emitted Sea Spray Aerosol","Prather;Grassian","ENVIRONMENTAL SCIENCE & TECHNOLOGY",2016,86
"362","Cation-Driven Lipopolysaccharide Morphological Changes Impact Heterogeneous Reactions of Nitric Acid with Sea Spray Aerosol Particles","Prather;Grassian","JOURNAL OF PHYSICAL CHEMISTRY LETTERS",2021,0
"363","Composition and hygroscopicity of the Los Angeles Aerosol: CalNex","Prather;Shiraiwa","JOURNAL OF GEOPHYSICAL RESEARCH-ATMOSPHERES",2013,63
"364","Detection of Active Microbial Enzymes in Nascent Sea Spray Aerosol: Implications for Atmospheric Chemistry and Climate","Prather;Grassian","ENVIRONMENTAL SCIENCE & TECHNOLOGY LETTERS",2019,9
"365","Direct aerosol chemical composition measurements to evaluate the physicochemical differences between controlled sea spray aerosol generation schemes","Prather;Grassian","ATMOSPHERIC MEASUREMENT TECHNIQUES",2014,61
"366","Heterogeneous Chemistry of Lipopolysaccharides with Gas-Phase Nitric Acid: Reactive Sites and Reaction Pathways","Prather;Grassian","JOURNAL OF PHYSICAL CHEMISTRY A",2016,12
"367","Impacts of Lipase Enzyme on the Surface Properties of Marine Aerosols","Prather;Grassian","JOURNAL OF PHYSICAL CHEMISTRY LETTERS",2018,11
"368","Importance of composition and hygroscopicity of BC particles to the effect of BC mitigation on cloud properties: Application to California conditions","Prather;Adams","JOURNAL OF GEOPHYSICAL RESEARCH-ATMOSPHERES",2012,7
"369","Improving our fundamental understanding of the role of aerosol-cloud interactions in the climate system","Prather;Carslaw","PROCEEDINGS OF THE NATIONAL ACADEMY OF SCIENCES OF THE UNITED STATES OF AMERICA",2016,243
"370","Liquid Sampling-Atmospheric Pressure Glow Discharge Ionization as a Technique for the Characterization of Salt-Containing Organic Samples","Prather;Grassian","ANALYTICAL CHEMISTRY",2020,3
"371","Microbial Control of Sea Spray Aerosol Composition: A Tale of Two Blooms","Prather;Grassian","ACS CENTRAL SCIENCE",2015,107
"372","Multiscale mechanisms of cell migration during development: theory and experiment","Prather;Morrison","DEVELOPMENT",2012,102
"373","Organic Enrichment, Physical Phase State, and Surface Tension Depression of Nascent Core-Shell Sea Spray Aerosols during Two Phytoplankton Blooms","Prather;Grassian","ACS EARTH AND SPACE CHEMISTRY",2020,7
"374","Physicochemical Mixing State of Sea Spray Aerosols: Morphologies Exhibit Size Dependence","Prather;Grassian","ACS EARTH AND SPACE CHEMISTRY",2020,2
"375","Shedding Light on Photosensitized Reactions within Marine-Relevant Organic Thin Films","Prather;Grassian","ACS EARTH AND SPACE CHEMISTRY",2019,8
"376","Shipboard measurements of gaseous elemental mercury along the coast of Central and Southern California","Prather;Williams;Williams","JOURNAL OF GEOPHYSICAL RESEARCH-ATMOSPHERES",2013,13
"377","The Old and the New: Aging of Sea Spray Aerosol and Formation of Secondary Marine Aerosol through OH Oxidation Reactions","Prather;Grassian","ACS EARTH AND SPACE CHEMISTRY",2019,6
"378","Tools for the Microbiome: Nano and Beyond","Prather;Young","ACS NANO",2016,91
"379","Decomposition of perfluorooctane sulfonate (PFOS) using a hybrid process with electron beam and chemical oxidants","Doudrick;Young","CHEMICAL ENGINEERING JOURNAL",2019,23
"380","Identification of transformation products to characterize the ability of a natural wetland to degrade synthetic organic pollutants","Doudrick;Young","WATER RESEARCH",2020,4
"381","Rapid method for testing efficacy of nano-engineered coatings for mitigating tin whisker growth","Doudrick;Williams;Williams","MICROELECTRONICS RELIABILITY",2015,9
"382","Constraining particle evolution from wall losses, coagulation, and condensation-evaporation in smog-chamber experiments: Optimal estimation based on size distribution measurements","Ruiz;Adams","AEROSOL SCIENCE AND TECHNOLOGY",2008,62
"383","Effect of aerosol composition on the performance of low-cost optical particle counter correction factors","Ruiz;Young","ATMOSPHERIC MEASUREMENT TECHNIQUES",2020,11
"384","Evaluating the Mixing of Organic Aerosol Components Using High-Resolution Aerosol Mass Spectrometry","Ruiz;Kroll","ENVIRONMENTAL SCIENCE & TECHNOLOGY",2011,34
"385","Introducing the Wunderkammer as a tool for emotion research: Unconstrained gaze and movement patterns in three emotionally evocative virtual worlds","Ruiz;Hartmann","COMPUTERS IN HUMAN BEHAVIOR",2016,13
"386","Organic aerosol components observed in Northern Hemispheric datasets from Aerosol Mass Spectrometry","Ruiz;Kroll","ATMOSPHERIC CHEMISTRY AND PHYSICS",2010,611
"387","A molecular picture of surface interactions of organic compounds on prevalent indoor surfaces: limonene adsorption on SiO2","Shiraiwa;Grassian","CHEMICAL SCIENCE",2019,26
"388","Accurate Prediction of Organic Aerosol Evaporation Using Kinetic Multilayer Modeling and the Stokes-Einstein Equation","Shiraiwa;Young","JOURNAL OF PHYSICAL CHEMISTRY A",2021,1
"389","Condensed-phase biogenic-anthropogenic interactions with implications for cold cloud formation","Shiraiwa;O'Brien","FARADAY DISCUSSIONS",2017,18
"390","Emerging investigator series: chemical and physical properties of organic mixtures on indoor surfaces during HOMEChem","Shiraiwa;O'Brien;Grassian","ENVIRONMENTAL SCIENCE-PROCESSES & IMPACTS",2021,0
"391","General overview: European Integrated project on Aerosol Cloud Climate and Air Quality interactions (EUCAARI) - integrating aerosol research from nano to global scales","Shiraiwa;Carslaw","ATMOSPHERIC CHEMISTRY AND PHYSICS",2011,174
"392","Indoor aerosol water content and phase state in US residences: impacts of relative humidity, aerosol mass and composition, and mechanical system operation","Shiraiwa;Waring","ENVIRONMENTAL SCIENCE-PROCESSES & IMPACTS",2020,2
"393","Secondary organic aerosol yields of 12-carbon alkanes","Shiraiwa;Ziemann","ATMOSPHERIC CHEMISTRY AND PHYSICS",2014,63
"394","Size distribution dynamics reveal particle-phase chemistry in organic aerosol formation","Shiraiwa;Ziemann","PROCEEDINGS OF THE NATIONAL ACADEMY OF SCIENCES OF THE UNITED STATES OF AMERICA",2013,111
"395","Alternative ventilation strategies in US offices: Comprehensive assessment and sensitivity analysis of energy saving potential","Waring;Adams","BUILDING AND ENVIRONMENT",2017,21
"396","Alternative ventilation strategies in US offices: Saving energy while enhancing work performance, reducing absenteeism, and considering outdoor pollutant exposure tradeoffs","Waring;Adams","BUILDING AND ENVIRONMENT",2017,25
"397","Fungal Signature of Moisture Damage in Buildings: Identification by Targeted and Untargeted Approaches with Mycobiome Data","Waring;Adams","APPLIED AND ENVIRONMENTAL MICROBIOLOGY",2020,2
"398","Indoor secondary organic aerosols: Towards an improved representation of their formation and composition in models","Waring;Carslaw","ATMOSPHERIC ENVIRONMENT",2020,5
"399","Measuring the efficacy of HVAC particle filtration over a range of ventilation rates in an office building","Waring;Adams","BUILDING AND ENVIRONMENT",2018,10
"400","Modeling impacts of dynamic ventilation strategies on indoor air quality of offices in six US cities","Waring;Adams","BUILDING AND ENVIRONMENT",2013,44
"401","Optimizing ventilation: Theoretical study on increasing rates in offices to maximize occupant productivity with constrained additional energy use","Waring;Adams","BUILDING AND ENVIRONMENT",2019,7
"402","Reactive indoor air chemistry and health-A workshop summary","Waring;Carslaw","INTERNATIONAL JOURNAL OF HYGIENE AND ENVIRONMENTAL HEALTH",2017,19
"403","Simplified daily models for estimating energy consumption impacts of changing office building ventilation rates","Waring;Adams","BUILDING AND ENVIRONMENT",2018,4
"404","Ten questions concerning the microbiomes of buildings","Waring;Adams","BUILDING AND ENVIRONMENT",2016,76
"405","Using multiobjective optimizations to discover dynamic building ventilation strategies that can improve indoor air quality and reduce energy use","Waring;Adams","ENERGY AND BUILDINGS",2014,36
"406","Characterizing and understanding the reactivity and fate of aminoalcohols in the environment","Borduas-Dedekind;Abbatt","ABSTRACTS OF PAPERS OF THE AMERICAN CHEMICAL SOCIETY",2012,0
"407","Ion chromatographic separation and quantitation of alkyl methylamines and ethylamines in atmospheric gas and particulate matter using preconcentration and suppressed conductivity detection","Borduas-Dedekind;VandenBoer","JOURNAL OF CHROMATOGRAPHY A",2012,32
"408","Gas Phase Oxidation of Monoethanolamine (MEA) with OH Radical and Ozone: Kinetics, Products, and Particles","Borduas-Dedekind;Abbatt","ENVIRONMENTAL SCIENCE & TECHNOLOGY",2013,51
"409","Atmospheric sources and sinks of amines, amides, and isocyanic acid (HNCO)","Borduas-Dedekind;Abbatt","ABSTRACTS OF PAPERS OF THE AMERICAN CHEMICAL SOCIETY",2014,0
"410","Experimental and Theoretical Understanding of the Gas Phase Oxidation of Atmospheric Amides with OH Radicals: Kinetics, Products, and Mechanisms","Borduas-Dedekind;Abbatt","JOURNAL OF PHYSICAL CHEMISTRY A",2015,45
"411","Gas Phase Oxidation of Nicotine by OH Radicals: Kinetics, Mechanisms, and Formation of HNCO","Borduas-Dedekind;Abbatt","ENVIRONMENTAL SCIENCE & TECHNOLOGY LETTERS",2016,22
"412","Gas-Phase Mechanisms of the Reactions of Reduced Organic Nitrogen Compounds with OH Radicals","Borduas-Dedekind;Abbatt","ENVIRONMENTAL SCIENCE & TECHNOLOGY",2016,28
"413","Solubility and reactivity of HNCO in water: insights into HNCO's fate in the atmosphere","Borduas-Dedekind;Abbatt","ATMOSPHERIC CHEMISTRY AND PHYSICS",2016,27
"414","Exploring Conditions for Ultrafine Particle Formation from Oxidation of Cigarette Smoke in Indoor Environments","Borduas-Dedekind;Abbatt","ENVIRONMENTAL SCIENCE & TECHNOLOGY",2018,10
"415","Photomineralization mechanism changes the ability of dissolved organic matter to activate cloud droplets and to nucleate ice crystals","Borduas-Dedekind;McNeill","ATMOSPHERIC CHEMISTRY AND PHYSICS",2019,16
"416","Reactive Oxygen Species Production from Secondary Organic Aerosols: The Importance of Singlet Oxygen","Borduas-Dedekind;McNeill","ENVIRONMENTAL SCIENCE & TECHNOLOGY",2019,19
"417","Singlet Oxygen Photooxidation of Peptidic Oxazoles and Thiazoles","Borduas-Dedekind;McNeill","JOURNAL OF ORGANIC CHEMISTRY",2019,7
"418","UVB-irradiated Laboratory-generated Secondary Organic Aerosol Extracts Have Increased Cloud Condensation Nuclei Abilities: Comparison with Dissolved Organic Matter and Implications for the Photomineralization Mechanism","Borduas-Dedekind;McNeill","CHIMIA",2020,2
"419","A larger pool of ozone-forming carbon compounds in urban atmospheres","Carslaw;Morrison","NATURE",2000,264
"420","OH and HO2 chemistry during NAMBLEX: roles of oxygenates, halogen oxides and heterogeneous uptake","Carslaw;Williams;Williams","ATMOSPHERIC CHEMISTRY AND PHYSICS",2006,59
"421","The North Atlantic Marine Boundary Layer Experiment (NAMBLEX). Overview of the campaign held at Mace Head, Ireland, in summer 2002","Carslaw;Williams;Williams","ATMOSPHERIC CHEMISTRY AND PHYSICS",2006,44
"422","Photolysis-driven indoor air chemistry following cleaning of hospital wards","Carslaw;Kahan","INDOOR AIR",2020,4
"423","A decade of GOSAT Proxy satellite CH4 observations","Wennberg;Young","EARTH SYSTEM SCIENCE DATA",2020,7
"424","Characteristics of greenhouse gas concentrations derived from ground-based FTS spectra at Anmyeondo, South Korea","Wennberg;Young","ATMOSPHERIC MEASUREMENT TECHNIQUES",2018,5
"425","Characterization of a real-time tfor isoprene epoxydiols-derived secondary organic aerosol (IEPOX-SOA) from aerosol mass spectrometer measurements","Wennberg;Goldstein","ABSTRACTS OF PAPERS OF THE AMERICAN CHEMICAL SOCIETY",2015,0
"426","Chemical transport models often underestimate inorganic aerosol acidity in remote regions of the atmosphere","Wennberg;Williams;Williams","COMMUNICATIONS EARTH & ENVIRONMENT",2021,2
"427","Evaluation of MOPITT Version 7 joint TIR-NIR X-CO retrievals with TCCON","Wennberg;Young","ATMOSPHERIC MEASUREMENT TECHNIQUES",2019,8
"428","Hydroxymethanesulfonate (HMS) Formation during Summertime Fog in an Arctic Oil Field","Wennberg;Rim","ENVIRONMENTAL SCIENCE & TECHNOLOGY LETTERS",2021,0
"429","Measurement of atmospheric nitrous acid at Blodgett Forest during BEARPEX2007 (vol 10, pg 6283, 2010)","Wennberg;Goldstein","ATMOSPHERIC CHEMISTRY AND PHYSICS",2010,0
"430","New insights into low-NOx isoprene oxidation chemistry","Wennberg;Abbatt","ABSTRACTS OF PAPERS OF THE AMERICAN CHEMICAL SOCIETY",2016,0
"431","OCO-3 early mission operations and initial (vEarly) XCO2 and SIF retrievals","Wennberg;Vance","REMOTE SENSING OF ENVIRONMENT",2020,14
"432","Organic nitrate contribution to the oxidized nitrogen budget at the 2013 Southern Oxidant and Aerosol Study (SOAS)","Wennberg;Goldstein;de Gouw","ABSTRACTS OF PAPERS OF THE AMERICAN CHEMICAL SOCIETY",2014,0
"433","The ACOS CO2 retrieval algorithm - Part 1: Description and validation against synthetic observations","Wennberg;O'Brien","ATMOSPHERIC MEASUREMENT TECHNIQUES",2012,333
"434","The ACOS CO2 retrieval algorithm - Part II: Global X-CO2 data characterization","Wennberg;O'Brien","ATMOSPHERIC MEASUREMENT TECHNIQUES",2012,205
"435","The Orbiting Carbon Observatory-2: first 18 months of science data products","Wennberg;O'Brien","ATMOSPHERIC MEASUREMENT TECHNIQUES",2017,105
"436","Toward accurate CO2 and CH4 observations from GOSAT","Wennberg;Hartmann","GEOPHYSICAL RESEARCH LETTERS",2011,243
"437","Wet scavenging of soluble gases in DC3 deep convective storms using WRF-Chem simulations and aircraft observations","Wennberg;Morrison","JOURNAL OF GEOPHYSICAL RESEARCH-ATMOSPHERES",2016,24
"438","OH and HO2 radical chemistry during PROPHET 2008 and CABINEX 2009-Part 1: Measurements and model comparison","Stevens;O'Brien","ATMOSPHERIC CHEMISTRY AND PHYSICS",2013,39
"439","Chamber Bioaerosol Study: Outdoor Air and Human Occupants as Sources of Indoor Airborne Microbes","Adams;Nazaroff","PLOS ONE",2015,106
"440","From commensalism to mutualism: integrating the microbial ecology, building science, and indoor air communities to advance research on the indoor microbiome","Adams;Waring","INDOOR AIR",2015,7
"441","Chamber bioaerosol study: human emissions of size-resolved fluorescent biological aerosol particles","Adams;Nazaroff","INDOOR AIR",2016,70
"442","Ten questions concerning the implications of carpet on indoor chemistry and microbiology","Adams;Morrison","BUILDING AND ENVIRONMENT",2020,6
"443","Fmoc-Diphenylalanine self assembles to a hydrogel via a novel architecture based on pi-pi interlocked beta-sheets","Ulijn;Williams;Williams","ADVANCED MATERIALS",2008,677
"444","Exploiting Biocatalysis in Peptide Self-Assembly","Ulijn;Williams;Williams","BIOPOLYMERS",2010,70
"445","Sequence/structure relationships in aromatic dipeptide hydrogels formed under thermodynamic control by enzyme-assisted self-assembly","Ulijn;Adams","SOFT MATTER",2012,67
"446","Comparison of Methods for Surface Modification of Barium Titanate Nanoparticles for Aqueous Dispersibility: Toward Biomedical Utilization of Perovskite Oxides","Ulijn;O'Brien","ACS APPLIED MATERIALS & INTERFACES",2020,2
"447","In Situ, Noncovalent Labeling and Stimulated Emission Depletion-Based Super-Resolution Imaging of Supramolecular Peptide Nanostructures","Ulijn;O'Brien","ACS NANO",2020,1
"448","Chemical Morphology Controls Reactivity of OH Radicals at the AirIce Interface","Kahan;Donaldson","The Journal of Physical Chemistry A",2021,0
"449","A review of airice chemical and physical interactions (AICI): liquids, quasi-liquids, and solids in snow","Kahan;Abbatt;McNeill","Atmospheric chemistry and physics",2014,214
"450","Relationship between snow microstructure and physical and chemical processes.","Kahan;Abbatt","Atmospheric Chemistry & Physics Discussions",2012,32
"451","Benzene photolysis on ice: Implications for the fate of organic contaminants in the winter","Kahan;Donaldson","Environmental science & technology",2010,64
"452","Anthracene photolysis in aqueous solution and ice: Photon flux dependence and comparison of kinetics in bulk ice and at the air ice interface","Kahan;Donaldson","Environmental science & technology",2010,52
"453","Mechanism of aqueous-phase ozonation of S (IV)","Kahan;Donaldson","The Journal of Physical Chemistry A",2010,6
"454","Self-association of naphthalene at the air ice interface","Kahan;Donaldson","The Journal of Physical Chemistry A",2009,46
"455","Heterogeneous ozonation kinetics of phenanthrene at the airice interface","Kahan;Donaldson","Environmental Research Letters",2008,45
"456","Aqueous aerosol SOA formation: impact on aerosol physical properties","McNeill;Ruiz","FARADAY DISCUSSIONS",2013,40
"457","A laboratory investigation of light scattering from representative components of mineral dust aerosol at a wavelength of 550 nm","Grassian;Young","JOURNAL OF GEOPHYSICAL RESEARCH-ATMOSPHERES",2008,58
"458","Coupled infrared extinction and size distribution measurements for several clay components of mineral dust aerosol","Grassian;Young","JOURNAL OF GEOPHYSICAL RESEARCH-ATMOSPHERES",2008,50
"459","Coupled infrared extinction spectra and size distribution measurements for several non-clay components of mineral dust aerosol (quartz, calcite, and dolomite)","Grassian;Young","ATMOSPHERIC ENVIRONMENT",2008,32
"460","Extinction spectra of mineral dust aerosol components in an environmental aerosol chamber: IR resonance studies","Grassian;Young","ATMOSPHERIC ENVIRONMENT",2008,11
"461","Reactive uptake of acetic acid on calcite and nitric acid reacted calcite aerosol in an environmental reaction chamber","Grassian;Young","PHYSICAL CHEMISTRY CHEMICAL PHYSICS",2008,37
"462","Effect of Ozone and Relative Humidity on the Heterogeneous Uptake of Octamethylcyclotetrasiloxane and Decamethylcyclopentasiloxane on Model Mineral Dust Aerosol Components","Grassian;Young","JOURNAL OF PHYSICAL CHEMISTRY A",2009,13
"463","Heterogeneous uptake of octamethylcyclotetrasiloxane (D-4) and decamethylcyclopentasiloxane (D-5) onto mineral dust aerosol under variable RH conditions","Grassian;Young","ATMOSPHERIC ENVIRONMENT",2009,19
"464","T-matrix studies of aerosol particle shape effects on IR resonance spectral line profiles and comparison with an experiment","Grassian;Young","JOURNAL OF GEOPHYSICAL RESEARCH-ATMOSPHERES",2009,15
"465","A Kinetic Study of Ozone Decomposition on Illuminated Oxide Surfaces","Grassian;Young","JOURNAL OF PHYSICAL CHEMISTRY A",2011,37
"466","Heterogeneous Photochemistry of Trace Atmospheric Gases with Components of Mineral Dust Aerosol","Grassian;Young","JOURNAL OF PHYSICAL CHEMISTRY A",2011,48
"467","Visible light scattering study at 470, 550, and 660 nm of components of mineral dust aerosol: Hematite and goethite","Grassian;Young","JOURNAL OF QUANTITATIVE SPECTROSCOPY & RADIATIVE TRANSFER",2011,25
"468","Evidence for particle size-shape correlations in the optical properties of silicate clay aerosol","Grassian;Young","JOURNAL OF QUANTITATIVE SPECTROSCOPY & RADIATIVE TRANSFER",2012,11
"469","Infrared extinction spectra of mineral dust aerosol: Single components and complex mixtures","Grassian;Young","JOURNAL OF GEOPHYSICAL RESEARCH-ATMOSPHERES",2012,15
"470","A combined laboratory and modeling study of the infrared extinction and visible light scattering properties of mineral dust aerosol","Grassian;Young","JOURNAL OF GEOPHYSICAL RESEARCH-ATMOSPHERES",2013,10
"471","Infrared extinction spectroscopy and micro-Raman spectroscopy of select components of mineral dust mixed with organic compounds","Grassian;Young","JOURNAL OF GEOPHYSICAL RESEARCH-ATMOSPHERES",2013,24
"472","Infrared Optical Constants of Organic Aerosols: Organic Acids and Model Humic-Like Substances (HULIS)","Grassian;Young","AEROSOL SCIENCE AND TECHNOLOGY",2014,7
"473","Optical properties of selected components of mineral dust aerosol processed with organic acids and humic material","Grassian;Young","JOURNAL OF GEOPHYSICAL RESEARCH-ATMOSPHERES",2015,16
"474","NanoEHS - defining fundamental science needs: no easy feat when the simple itself is complex","Grassian;Young","ENVIRONMENTAL SCIENCE-NANO",2016,46
"475","Optical and Physicochemical Properties of Brown Carbon Aerosol: Light Scattering, FTIR Extinction Spectroscopy, and Hygroscopic Growth","Grassian;Young","JOURNAL OF PHYSICAL CHEMISTRY A",2016,32
"476","Optical Properties of Humic Material Standards: Solution Phase and Aerosol Measurements","Grassian;Young","ACS EARTH AND SPACE CHEMISTRY",2018,9
"477","Optical Property Measurements and Single Particle Analysis of Secondary Organic Aerosol Produced from the Aqueous-Phase Reaction of Ammonium Sulfate with Methylglyoxal","Grassian;Young","ACS EARTH AND SPACE CHEMISTRY",2018,5
